Workbook

Sheet PV_raw
A1: measured_on | B1: ac_current__427 | C1: ac_power__423 | D1: ac_voltage__426 | E1: ambient_temp__428 | F1: das_battery_voltage__434 | G1: das_temp__433 | H1: dc_pos_current__425 | I1: dc_pos_voltage__424 | J1: dc_power__422 | K1: inverter_temp__432 | L1: module_temp_1__429 | M1: module_temp_2__430 | N1: module_temp_3__431 | O1: poa_irradiance__421 | P1: system_id
A2: 44562 | B2: 1.6636 | C2: -1.2763 | D2: 119.96 | E2: -10.397 | F2: 13.857 | G2: -6.2139 | H2: -0.06849 | I2: -0.60298 | J2: 0.03956 | K2: -7.7249 | L2: -8.9824 | M2: -8.7958 | N2: -9.1407 | O2: -0.02766 | P2: 10
A3: 44562.001 | B3: 1.6633 | C3: -1.3873 | D3: 119.88 | E3: -10.409 | F3: 13.856 | G3: -6.2227 | H3: -0.06904 | I3: 0.35026 | J3: -0.02707 | K3: -7.7373 | L3: -8.9811 | M3: -8.8046 | N3: -9.1256 | O3: 0 | P3: 10
A4: 44562.001 | B4: 1.6633 | C4: -1.6314 | D4: 119.94 | E4: -10.418 | F4: 13.855 | G4: -6.2279 | H4: -0.06318 | I4: 0.48327 | J4: -0.03209 | K4: -7.7441 | L4: -9.0176 | M4: -8.8019 | N4: -9.0924 | O4: 0 | P4: 10
A5: 44562.002 | B5: 1.663 | C5: -1.5315 | D5: 119.86 | E5: -10.429 | F5: 13.856 | G5: -6.2419 | H5: -0.06647 | I5: -0.03104 | J5: 0.00319 | K5: -7.7494 | L5: -9.0266 | M5: -8.8037 | N5: -9.1218 | O5: -0.02766 | P5: 10
A6: 44562.003 | B6: 1.663 | C6: -1.1542 | D6: 119.87 | E6: -10.439 | F6: 13.856 | G6: -6.2472 | H6: -0.07142 | I6: 1.0153 | J6: -0.06902 | K6: -7.7475 | L6: -8.9476 | M6: -8.8293 | N6: -9.1496 | O6: 0 | P6: 10
A7: 44562.003 | B7: 1.6639 | C7: -1.5093 | D7: 119.89 | E7: -10.453 | F7: 13.858 | G7: -6.2612 | H7: -0.0716 | I7: -0.19065 | J7: 0.01398 | K7: -7.7536 | L7: -9.0126 | M7: -8.831 | N7: -9.1601 | O7: 0 | P7: 10
A8: 44562.004 | B8: 1.6641 | C8: -1.4428 | D8: 119.86 | E8: -10.469 | F8: 13.858 | G8: -6.2717 | H8: -0.07874 | I8: 0.21725 | J8: -0.01647 | K8: -7.7706 | L8: -9.0559 | M8: -8.8344 | N8: -9.1365 | O8: 0 | P8: 10
A9: 44562.005 | B9: 1.6644 | C9: -1.4983 | D9: 119.9 | E9: -10.483 | F9: 13.857 | G9: -6.291 | H9: -0.07142 | I9: -0.62072 | J9: 0.04305 | K9: -7.7712 | L9: -9.0259 | M9: -8.8596 | N9: -9.2148 | O9: 0 | P9: 10
A10: 44562.006 | B10: 1.663 | C10: -1.2319 | D10: 119.9 | E10: -10.509 | F10: 13.858 | G10: -6.305 | H10: -0.06629 | I10: -1.1971 | J10: 0.07843 | K10: -7.7816 | L10: -9.0712 | M10: -8.87 | N10: -9.2194 | O10: 0 | P10: 10
A11: 44562.006 | B11: 1.6644 | C11: -1.587 | D11: 119.91 | E11: -10.517 | F11: 13.858 | G11: -6.3103 | H11: -0.06794 | I11: 0.07094 | J11: -0.00461 | K11: -7.8057 | L11: -9.1666 | M11: -8.8557 | N11: -9.1223 | O11: 0 | P11: 10
A12: 44562.007 | B12: 1.6633 | C12: -1.6869 | D12: 119.99 | E12: -10.527 | F12: 13.857 | G12: -6.3278 | H12: -0.06666 | I12: 0.33696 | J12: -0.01908 | K12: -7.7965 | L12: -8.9692 | M12: -8.898 | N12: -9.2547 | O12: 0 | P12: 10
A13: 44562.008 | B13: 1.6641 | C13: -1.9866 | D13: 119.92 | E13: -10.533 | F13: 13.86 | G13: -6.3278 | H13: -0.0694 | I13: -0.39903 | J13: 0.03089 | K13: -7.7958 | L13: -8.9518 | M13: -8.8937 | N13: -9.2656 | O13: -0.05533 | P13: 10
... A1441: 44562.999 | B1441: 1.663 | C1441: -2.0202 | D1441: 120.14 | E1441: -7.0104 | F1441: 13.868 | G1441: -7.1797 | H1441: -0.06777 | I1441: 0.27494 | J1441: -0.01723 | K1441: -9.886 | L1441: -8.4521 | M1441: -8.2867 | N1441: -8.3085 | O1441: -2.6562 | P1441: 10

Sheet Daily_KPIs
A1: KPI | B1: No Irradiance | C1: Low/Transition Irradiance | D1: Normal Solar Operation
A2: No of Samples | B2: =COUNTIF(cleaned_data!$S$2:$S$1441,B$1) -> 850 | C2: =COUNTIF(cleaned_data!$S$2:$S$1441,C$1) -> 291 | D2: =COUNTIF(cleaned_data!$S$2:$S$1441,D$1) -> 299
A3: Total AC Energy | B3: =SUMIFS(cleaned_data!$D$2:$D$1441,cleaned_data!$S$2:$S$1441,B$1)/60 -> -23.306024 | C3: =SUMIFS(cleaned_data!$D$2:$D$1441,cleaned_data!$S$2:$S$1441,C$1)/60 -> -8.4014795 | D3: =SUMIFS(cleaned_data!$D$2:$D$1441,cleaned_data!$S$2:$S$1441,D$1)/60 -> -9.1934983
A4: Total DC Energy | B4: =SUMIFS(cleaned_data!$L$2:$L$1441,cleaned_data!$S$2:$S$1441,B$1)/60 -> -0.029287167 | C4: =SUMIFS(cleaned_data!$L$2:$L$1441,cleaned_data!$S$2:$S$1441,C$1)/60 -> -6.3922888 | D4: =SUMIFS(cleaned_data!$L$2:$L$1441,cleaned_data!$S$2:$S$1441,D$1)/60 -> -23.259479
A5: Peak DC power | B5: =_xlfn.MAXIFS(cleaned_data!$L$2:$L$1441,cleaned_data!$S$2:$S$1441,B$1) -> 0.10173 | C5: =_xlfn.MAXIFS(cleaned_data!$L$2:$L$1441,cleaned_data!$S$2:$S$1441,C$1) -> 0.05769 | D5: =_xlfn.MAXIFS(cleaned_data!$L$2:$L$1441,cleaned_data!$S$2:$S$1441,D$1) -> 0.08434
A6: Peak AC Power | B6: =_xlfn.MAXIFS(cleaned_data!$D$2:$D$1441,cleaned_data!$S$2:$S$1441,B$1) -> 0.25529 | C6: =_xlfn.MAXIFS(cleaned_data!$D$2:$D$1441,cleaned_data!$S$2:$S$1441,C$1) -> -0.33311 | D6: =_xlfn.MAXIFS(cleaned_data!$D$2:$D$1441,cleaned_data!$S$2:$S$1441,D$1) -> -1.2876
A7: Average POA | B7: =AVERAGEIFS(cleaned_data!$R$2:$R$1441,cleaned_data!$S$2:$S$1441,B$1) -> -1.4416818 | C7: =AVERAGEIFS(cleaned_data!$R$2:$R$1441,cleaned_data!$S$2:$S$1441,C$1) -> 62.056778 | D7: =AVERAGEIFS(cleaned_data!$R$2:$R$1441,cleaned_data!$S$2:$S$1441,D$1) -> 451.33582
A8: Average DC Power | B8: =AVERAGEIFS(cleaned_data!$L$2:$L$1441,cleaned_data!$S$2:$S$1441,B$1) -> -0.0020673294 | C8: =AVERAGEIFS(cleaned_data!$L$2:$L$1441,cleaned_data!$S$2:$S$1441,C$1) -> -1.3179977 | D8: =AVERAGEIFS(cleaned_data!$L$2:$L$1441,cleaned_data!$S$2:$S$1441,D$1) -> -4.6674539
A9: Average AC Power | B9: =AVERAGEIFS(cleaned_data!$D$2:$D$1441,cleaned_data!$S$2:$S$1441,B$1) -> -1.6451311 | C9: =AVERAGEIFS(cleaned_data!$D$2:$D$1441,cleaned_data!$S$2:$S$1441,C$1) -> -1.7322638 | D9: =AVERAGEIFS(cleaned_data!$D$2:$D$1441,cleaned_data!$S$2:$S$1441,D$1) -> -1.8448492
A10: DC-AC Efficiency

Sheet cleaned_data
A1: measured_on | B1: 1 | C1: ac_current__427 | D1: ac_power__423 | E1: ac_voltage__426 | F1: ambient_temp__428 | G1: das_battery_voltage__434 | H1: das_temp__433 | I1: dc_pos_current__425 | J1: dc_current_gen | K1: dc_pos_voltage__424 | L1: dc_power__422 | M1: dc_power_gen | N1: inverter_temp__432 | O1: module_temp_1__429 | P1: module_temp_2__430 | Q1: module_temp_3__431 | R1: poa_irradiance__421 | S1: Operating_State | T1: Hour | U1: system_id | W1: Hour | X1: No Irradiance | Y1: Low/Transition Irradiance | Z1: Normal Solar Operation | AA1: Column1
A2: 44562 | B2: =ROUND((A2-A1)*1440,0) -> #VALUE! | C2: 1.6636 | D2: -1.2763 | E2: 119.96 | F2: -10.397 | G2: 13.857 | H2: -6.2139 | I2: -0.06849 | J2: =(-1*I2) -> 0.06849 | K2: -0.60298 | L2: 0.03956 | M2: =(-1*L2) -> -0.03956 | N2: -7.7249 | O2: -8.9824 | P2: -8.7958 | Q2: -9.1407 | R2: -0.02766 | S2: =IF(R2<=0,"No Irradiance",IF(R2<=200,"Low/Transition Irradiance","Normal Solar Operation")) -> No Irradiance | T2: =HOUR(A2) -> 0 | U2: 10 | W2: 0 | X2: =COUNTIFS($T$2:$T$1441,$W2,$S$2:$S$1441,X$1) -> 60 | Y2: =COUNTIFS($T$2:$T$1441,$W2,$S$2:$S$1441,Y$1) -> 0 | Z2: =COUNTIFS($T$2:$T$1441,$W2,$S$2:$S$1441,Z$1) -> 0
A3: 44562.001 | B3: =ROUND((A3-A2)*1440,0) -> 1 | C3: 1.6633 | D3: -1.3873 | E3: 119.88 | F3: -10.409 | G3: 13.856 | H3: -6.2227 | I3: -0.06904 | J3: =(-1*I3) -> 0.06904 | K3: 0.35026 | L3: -0.02707 | M3: =(-1*L3) -> 0.02707 | N3: -7.7373 | O3: -8.9811 | P3: -8.8046 | Q3: -9.1256 | R3: 0 | S3: =IF(R3<=0,"No Irradiance",IF(R3<=200,"Low/Transition Irradiance","Normal Solar Operation")) -> No Irradiance | T3: =HOUR(A3) -> 0 | U3: 10 | W3: 1 | X3: =COUNTIFS($T$2:$T$1441,$W3,$S$2:$S$1441,X$1) -> 60 | Y3: =COUNTIFS($T$2:$T$1441,$W3,$S$2:$S$1441,Y$1) -> 0 | Z3: =COUNTIFS($T$2:$T$1441,$W3,$S$2:$S$1441,Z$1) -> 0
A4: 44562.001 | B4: =ROUND((A4-A3)*1440,0) -> 1 | C4: 1.6633 | D4: -1.6314 | E4: 119.94 | F4: -10.418 | G4: 13.855 | H4: -6.2279 | I4: -0.06318 | J4: =(-1*I4) -> 0.06318 | K4: 0.48327 | L4: -0.03209 | M4: =(-1*L4) -> 0.03209 | N4: -7.7441 | O4: -9.0176 | P4: -8.8019 | Q4: -9.0924 | R4: 0 | S4: =IF(R4<=0,"No Irradiance",IF(R4<=200,"Low/Transition Irradiance","Normal Solar Operation")) -> No Irradiance | T4: =HOUR(A4) -> 0 | U4: 10 | W4: 2 | X4: =COUNTIFS($T$2:$T$1441,$W4,$S$2:$S$1441,X$1) -> 60 | Y4: =COUNTIFS($T$2:$T$1441,$W4,$S$2:$S$1441,Y$1) -> 0 | Z4: =COUNTIFS($T$2:$T$1441,$W4,$S$2:$S$1441,Z$1) -> 0
A5: 44562.002 | B5: =ROUND((A5-A4)*1440,0) -> 1 | C5: 1.663 | D5: -1.5315 | E5: 119.86 | F5: -10.429 | G5: 13.856 | H5: -6.2419 | I5: -0.06647 | J5: =(-1*I5) -> 0.06647 | K5: -0.03104 | L5: 0.00319 | M5: =(-1*L5) -> -0.00319 | N5: -7.7494 | O5: -9.0266 | P5: -8.8037 | Q5: -9.1218 | R5: -0.02766 | S5: =IF(R5<=0,"No Irradiance",IF(R5<=200,"Low/Transition Irradiance","Normal Solar Operation")) -> No Irradiance | T5: =HOUR(A5) -> 0 | U5: 10 | W5: 3 | X5: =COUNTIFS($T$2:$T$1441,$W5,$S$2:$S$1441,X$1) -> 60 | Y5: =COUNTIFS($T$2:$T$1441,$W5,$S$2:$S$1441,Y$1) -> 0 | Z5: =COUNTIFS($T$2:$T$1441,$W5,$S$2:$S$1441,Z$1) -> 0
A6: 44562.003 | B6: =ROUND((A6-A5)*1440,0) -> 1 | C6: 1.663 | D6: -1.1542 | E6: 119.87 | F6: -10.439 | G6: 13.856 | H6: -6.2472 | I6: -0.07142 | J6: =(-1*I6) -> 0.07142 | K6: 1.0153 | L6: -0.06902 | M6: =(-1*L6) -> 0.06902 | N6: -7.7475 | O6: -8.9476 | P6: -8.8293 | Q6: -9.1496 | R6: 0 | S6: =IF(R6<=0,"No Irradiance",IF(R6<=200,"Low/Transition Irradiance","Normal Solar Operation")) -> No Irradiance | T6: =HOUR(A6) -> 0 | U6: 10 | W6: 4 | X6: =COUNTIFS($T$2:$T$1441,$W6,$S$2:$S$1441,X$1) -> 60 | Y6: =COUNTIFS($T$2:$T$1441,$W6,$S$2:$S$1441,Y$1) -> 0 | Z6: =COUNTIFS($T$2:$T$1441,$W6,$S$2:$S$1441,Z$1) -> 0
A7: 44562.003 | B7: =ROUND((A7-A6)*1440,0) -> 1 | C7: 1.6639 | D7: -1.5093 | E7: 119.89 | F7: -10.453 | G7: 13.858 | H7: -6.2612 | I7: -0.0716 | J7: =(-1*I7) -> 0.0716 | K7: -0.19065 | L7: 0.01398 | M7: =(-1*L7) -> -0.01398 | N7: -7.7536 | O7: -9.0126 | P7: -8.831 | Q7: -9.1601 | R7: 0 | S7: =IF(R7<=0,"No Irradiance",IF(R7<=200,"Low/Transition Irradiance","Normal Solar Operation")) -> No Irradiance | T7: =HOUR(A7) -> 0 | U7: 10 | W7: 5 | X7: =COUNTIFS($T$2:$T$1441,$W7,$S$2:$S$1441,X$1) -> 60 | Y7: =COUNTIFS($T$2:$T$1441,$W7,$S$2:$S$1441,Y$1) -> 0 | Z7: =COUNTIFS($T$2:$T$1441,$W7,$S$2:$S$1441,Z$1) -> 0
A8: 44562.004 | B8: =ROUND((A8-A7)*1440,0) -> 1 | C8: 1.6641 | D8: -1.4428 | E8: 119.86 | F8: -10.469 | G8: 13.858 | H8: -6.2717 | I8: -0.07874 | J8: =(-1*I8) -> 0.07874 | K8: 0.21725 | L8: -0.01647 | M8: =(-1*L8) -> 0.01647 | N8: -7.7706 | O8: -9.0559 | P8: -8.8344 | Q8: -9.1365 | R8: 0 | S8: =IF(R8<=0,"No Irradiance",IF(R8<=200,"Low/Transition Irradiance","Normal Solar Operation")) -> No Irradiance | T8: =HOUR(A8) -> 0 | U8: 10 | W8: 6 | X8: =COUNTIFS($T$2:$T$1441,$W8,$S$2:$S$1441,X$1) -> 60 | Y8: =COUNTIFS($T$2:$T$1441,$W8,$S$2:$S$1441,Y$1) -> 0 | Z8: =COUNTIFS($T$2:$T$1441,$W8,$S$2:$S$1441,Z$1) -> 0
A9: 44562.005 | B9: =ROUND((A9-A8)*1440,0) -> 1 | C9: 1.6644 | D9: -1.4983 | E9: 119.9 | F9: -10.483 | G9: 13.857 | H9: -6.291 | I9: -0.07142 | J9: =(-1*I9) -> 0.07142 | K9: -0.62072 | L9: 0.04305 | M9: =(-1*L9) -> -0.04305 | N9: -7.7712 | O9: -9.0259 | P9: -8.8596 | Q9: -9.2148 | R9: 0 | S9: =IF(R9<=0,"No Irradiance",IF(R9<=200,"Low/Transition Irradiance","Normal Solar Operation")) -> No Irradiance | T9: =HOUR(A9) -> 0 | U9: 10 | W9: 7 | X9: =COUNTIFS($T$2:$T$1441,$W9,$S$2:$S$1441,X$1) -> 5 | Y9: =COUNTIFS($T$2:$T$1441,$W9,$S$2:$S$1441,Y$1) -> 55 | Z9: =COUNTIFS($T$2:$T$1441,$W9,$S$2:$S$1441,Z$1) -> 0
A10: 44562.006 | B10: =ROUND((A10-A9)*1440,0) -> 1 | C10: 1.663 | D10: -1.2319 | E10: 119.9 | F10: -10.509 | G10: 13.858 | H10: -6.305 | I10: -0.06629 | J10: =(-1*I10) -> 0.06629 | K10: -1.1971 | L10: 0.07843 | M10: =(-1*L10) -> -0.07843 | N10: -7.7816 | O10: -9.0712 | P10: -8.87 | Q10: -9.2194 | R10: 0 | S10: =IF(R10<=0,"No Irradiance",IF(R10<=200,"Low/Transition Irradiance","Normal Solar Operation")) -> No Irradiance | T10: =HOUR(A10) -> 0 | U10: 10 | W10: 8 | X10: =COUNTIFS($T$2:$T$1441,$W10,$S$2:$S$1441,X$1) -> 0 | Y10: =COUNTIFS($T$2:$T$1441,$W10,$S$2:$S$1441,Y$1) -> 60 | Z10: =COUNTIFS($T$2:$T$1441,$W10,$S$2:$S$1441,Z$1) -> 0
A11: 44562.006 | B11: =ROUND((A11-A10)*1440,0) -> 1 | C11: 1.6644 | D11: -1.587 | E11: 119.91 | F11: -10.517 | G11: 13.858 | H11: -6.3103 | I11: -0.06794 | J11: =(-1*I11) -> 0.06794 | K11: 0.07094 | L11: -0.00461 | M11: =(-1*L11) -> 0.00461 | N11: -7.8057 | O11: -9.1666 | P11: -8.8557 | Q11: -9.1223 | R11: 0 | S11: =IF(R11<=0,"No Irradiance",IF(R11<=200,"Low/Transition Irradiance","Normal Solar Operation")) -> No Irradiance | T11: =HOUR(A11) -> 0 | U11: 10 | W11: 9 | X11: =COUNTIFS($T$2:$T$1441,$W11,$S$2:$S$1441,X$1) -> 0 | Y11: =COUNTIFS($T$2:$T$1441,$W11,$S$2:$S$1441,Y$1) -> 60 | Z11: =COUNTIFS($T$2:$T$1441,$W11,$S$2:$S$1441,Z$1) -> 0
A12: 44562.007 | B12: =ROUND((A12-A11)*1440,0) -> 1 | C12: 1.6633 | D12: -1.6869 | E12: 119.99 | F12: -10.527 | G12: 13.857 | H12: -6.3278 | I12: -0.06666 | J12: =(-1*I12) -> 0.06666 | K12: 0.33696 | L12: -0.01908 | M12: =(-1*L12) -> 0.01908 | N12: -7.7965 | O12: -8.9692 | P12: -8.898 | Q12: -9.2547 | R12: 0 | S12: =IF(R12<=0,"No Irradiance",IF(R12<=200,"Low/Transition Irradiance","Normal Solar Operation")) -> No Irradiance | T12: =HOUR(A12) -> 0 | U12: 10 | W12: 10 | X12: =COUNTIFS($T$2:$T$1441,$W12,$S$2:$S$1441,X$1) -> 0 | Y12: =COUNTIFS($T$2:$T$1441,$W12,$S$2:$S$1441,Y$1) -> 60 | Z12: =COUNTIFS($T$2:$T$1441,$W12,$S$2:$S$1441,Z$1) -> 0
A13: 44562.008 | B13: =ROUND((A13-A12)*1440,0) -> 1 | C13: 1.6641 | D13: -1.9866 | E13: 119.92 | F13: -10.533 | G13: 13.86 | H13: -6.3278 | I13: -0.0694 | J13: =(-1*I13) -> 0.0694 | K13: -0.39903 | L13: 0.03089 | M13: =(-1*L13) -> -0.03089 | N13: -7.7958 | O13: -8.9518 | P13: -8.8937 | Q13: -9.2656 | R13: -0.05533 | S13: =IF(R13<=0,"No Irradiance",IF(R13<=200,"Low/Transition Irradiance","Normal Solar Operation")) -> No Irradiance | T13: =HOUR(A13) -> 0 | U13: 10 | W13: 11 | X13: =COUNTIFS($T$2:$T$1441,$W13,$S$2:$S$1441,X$1) -> 0 | Y13: =COUNTIFS($T$2:$T$1441,$W13,$S$2:$S$1441,Y$1) -> 13 | Z13: =COUNTIFS($T$2:$T$1441,$W13,$S$2:$S$1441,Z$1) -> 47
... A25: 44562.016 | B25: =ROUND((A25-A24)*1440,0) -> 1 | C25: 1.6647 | D25: -1.2652 | E25: 120.11 | F25: -10.579 | G25: 13.866 | H25: -6.4753 | I25: -0.07453 | J25: =(-1*I25) -> 0.07453 | K25: 0.52318 | L25: -0.04366 | M25: =(-1*L25) -> 0.04366 | N25: -7.9243 | O25: -9.1011 | P25: -8.9725 | Q25: -9.2624 | R25: -0.02767 | S25: =IF(R25<=0,"No Irradiance",IF(R25<=200,"Low/Transition Irradiance","Normal Solar Operation")) -> No Irradiance | T25: =HOUR(A25) -> 0 | U25: 10 | W25: 23 | X25: =COUNTIFS($T$2:$T$1441,$W25,$S$2:$S$1441,X$1) -> 60 | Y25: =COUNTIFS($T$2:$T$1441,$W25,$S$2:$S$1441,Y$1) -> 0 | Z25: =COUNTIFS($T$2:$T$1441,$W25,$S$2:$S$1441,Z$1) -> 0
A26: 44562.017 | B26: =ROUND((A26-A25)*1440,0) -> 1 | C26: 1.6644 | D26: -1.6314 | E26: 120.15 | F26: -10.59 | G26: 13.868 | H26: -6.4911 | I26: -0.0694 | J26: =(-1*I26) -> 0.0694 | K26: -0.03104 | L26: 0.0038 | M26: =(-1*L26) -> -0.0038 | N26: -7.9314 | O26: -9.0995 | P26: -8.984 | Q26: -9.2921 | R26: 0 | S26: =IF(R26<=0,"No Irradiance",IF(R26<=200,"Low/Transition Irradiance","Normal Solar Operation")) -> No Irradiance | T26: =HOUR(A26) -> 0 | U26: 10
A27: 44562.017 | B27: =ROUND((A27-A26)*1440,0) -> 1 | C27: 1.663 | D27: -1.8423 | E27: 120.22 | F27: -10.603 | G27: 13.867 | H27: -6.5104 | I27: -0.07013 | J27: =(-1*I27) -> 0.07013 | K27: -0.64732 | L27: 0.04343 | M27: =(-1*L27) -> -0.04343 | N27: -7.9602 | O27: -9.3137 | P27: -8.9831 | Q27: -9.2505 | R27: 0 | S27: =IF(R27<=0,"No Irradiance",IF(R27<=200,"Low/Transition Irradiance","Normal Solar Operation")) -> No Irradiance | T27: =HOUR(A27) -> 0 | U27: 10
A28: 44562.018 | B28: =ROUND((A28-A27)*1440,0) -> 1 | C28: 1.6641 | D28: -1.6536 | E28: 120.14 | F28: -10.612 | G28: 13.868 | H28: -6.528 | I28: -0.06574 | J28: =(-1*I28) -> 0.06574 | K28: -0.18178 | L28: 0.01206 | M28: =(-1*L28) -> -0.01206 | N28: -7.9728 | O28: -9.2064 | P28: -9.0109 | Q28: -9.2936 | R28: 0 | S28: =IF(R28<=0,"No Irradiance",IF(R28<=200,"Low/Transition Irradiance","Normal Solar Operation")) -> No Irradiance | T28: =HOUR(A28) -> 0 | U28: 10
A29: 44562.019 | B29: =ROUND((A29-A28)*1440,0) -> 1 | C29: 1.6639 | D29: -1.809 | E29: 120.2 | F29: -10.623 | G29: 13.867 | H29: -6.5385 | I29: -0.06684 | J29: =(-1*I29) -> 0.06684 | K29: -0.21282 | L29: 0.01629 | M29: =(-1*L29) -> -0.01629 | N29: -7.9827 | O29: -9.2381 | P29: -9.0135 | Q29: -9.2831 | R29: 0 | S29: =IF(R29<=0,"No Irradiance",IF(R29<=200,"Low/Transition Irradiance","Normal Solar Operation")) -> No Irradiance | T29: =HOUR(A29) -> 0 | U29: 10
A30: 44562.019 | B30: =ROUND((A30-A29)*1440,0) -> 1 | C30: 1.665 | D30: -1.5759 | E30: 120.16 | F30: -10.631 | G30: 13.867 | H30: -6.5526 | I30: -0.0738 | J30: =(-1*I30) -> 0.0738 | K30: -0.27046 | L30: 0.02448 | M30: =(-1*L30) -> -0.02448 | N30: -7.9931 | O30: -9.2108 | P30: -9.0335 | Q30: -9.3242 | R30: 0 | S30: =IF(R30<=0,"No Irradiance",IF(R30<=200,"Low/Transition Irradiance","Normal Solar Operation")) -> No Irradiance | T30: =HOUR(A30) -> 0 | U30: 10
A31: 44562.02 | B31: =ROUND((A31-A30)*1440,0) -> 1 | C31: 1.6644 | D31: -1.7424 | E31: 120.16 | F31: -10.633 | G31: 13.867 | H31: -6.5561 | I31: -0.06922 | J31: =(-1*I31) -> 0.06922 | K31: -0.32366 | L31: 0.01891 | M31: =(-1*L31) -> -0.01891 | N31: -7.9923 | O31: -9.1787 | P31: -9.0392 | Q31: -9.3342 | R31: 0 | S31: =IF(R31<=0,"No Irradiance",IF(R31<=200,"Low/Transition Irradiance","Normal Solar Operation")) -> No Irradiance | T31: =HOUR(A31) -> 0 | U31: 10
A32: 44562.021 | B32: =ROUND((A32-A31)*1440,0) -> 1 | C32: 1.6652 | D32: -1.4761 | E32: 120.21 | F32: -10.64 | G32: 13.867 | H32: -6.5667 | I32: -0.07215 | J32: =(-1*I32) -> 0.07215 | K32: -0.31479 | L32: 0.02694 | M32: =(-1*L32) -> -0.02694 | N32: -8.0058 | O32: -9.1421 | P32: -9.044 | Q32: -9.3463 | R32: 0 | S32: =IF(R32<=0,"No Irradiance",IF(R32<=200,"Low/Transition Irradiance","Normal Solar Operation")) -> No Irradiance | T32: =HOUR(A32) -> 0 | U32: 10
A33: 44562.022 | B33: =ROUND((A33-A32)*1440,0) -> 1 | C33: 1.6652 | D33: -1.5315 | E33: 120.2 | F33: -10.652 | G33: 13.868 | H33: -6.5807 | I33: -0.07361 | J33: =(-1*I33) -> 0.07361 | K33: -0.31923 | L33: 0.02597 | M33: =(-1*L33) -> -0.02597 | N33: -8.0192 | O33: -9.2224 | P33: -9.0422 | Q33: -9.3307 | R33: 0 | S33: =IF(R33<=0,"No Irradiance",IF(R33<=200,"Low/Transition Irradiance","Normal Solar Operation")) -> No Irradiance | T33: =HOUR(A33) -> 0 | U33: 10
A34: 44562.022 | B34: =ROUND((A34-A33)*1440,0) -> 1 | C34: 1.6652 | D34: -1.5537 | E34: 120.18 | F34: -10.652 | G34: 13.871 | H34: -6.5983 | I34: -0.07288 | J34: =(-1*I34) -> 0.07288 | K34: -0.20395 | L34: 0.00848 | M34: =(-1*L34) -> -0.00848 | N34: -8.039 | O34: -9.3477 | P34: -9.0468 | Q34: -9.3069 | R34: -0.02766 | S34: =IF(R34<=0,"No Irradiance",IF(R34<=200,"Low/Transition Irradiance","Normal Solar Operation")) -> No Irradiance | T34: =HOUR(A34) -> 0 | U34: 10
A35: 44562.023 | B35: =ROUND((A35-A34)*1440,0) -> 1 | C35: 1.6652 | D35: -1.9644 | E35: 120.14 | F35: -10.67 | G35: 13.87 | H35: -6.6053 | I35: -0.06922 | J35: =(-1*I35) -> 0.06922 | K35: -0.11528 | L35: 0.00681 | M35: =(-1*L35) -> -0.00681 | N35: -8.0352 | O35: -9.2232 | P35: -9.0677 | Q35: -9.3685 | R35: -0.02766 | S35: =IF(R35<=0,"No Irradiance",IF(R35<=200,"Low/Transition Irradiance","Normal Solar Operation")) -> No Irradiance | T35: =HOUR(A35) -> 0 | U35: 10
A36: 44562.024 | B36: =ROUND((A36-A35)*1440,0) -> 1 | C36: 1.665 | D36: -1.4983 | E36: 120.22 | F36: -10.671 | G36: 13.869 | H36: -6.6317 | I36: -0.06556 | J36: =(-1*I36) -> 0.06556 | K36: 0.37243 | L36: -0.02137 | M36: =(-1*L36) -> 0.02137 | N36: -8.0667 | O36: -9.225 | P36: -9.0797 | Q36: -9.3718 | R36: 0 | S36: =IF(R36<=0,"No Irradiance",IF(R36<=200,"Low/Transition Irradiance","Normal Solar Operation")) -> No Irradiance | T36: =HOUR(A36) -> 0 | U36: 10
A37: 44562.024 | B37: =ROUND((A37-A36)*1440,0) -> 1 | C37: 1.6647 | D37: -1.4317 | E37: 120.23 | F37: -10.681 | G37: 13.869 | H37: -6.6405 | I37: -0.0672 | J37: =(-1*I37) -> 0.0672 | K37: 0.10641 | L37: -0.00592 | M37: =(-1*L37) -> 0.00592 | N37: -8.0734 | O37: -9.2513 | P37: -9.0769 | Q37: -9.3669 | R37: 0 | S37: =IF(R37<=0,"No Irradiance",IF(R37<=200,"Low/Transition Irradiance","Normal Solar Operation")) -> No Irradiance | T37: =HOUR(A37) -> 0 | U37: 10
... A1441: 44562.999 | B1441: =ROUND((A1441-A1440)*1440,0) -> 1 | C1441: 1.663 | D1441: -2.0202 | E1441: 120.14 | F1441: -7.0104 | G1441: 13.868 | H1441: -7.1797 | I1441: -0.06777 | J1441: =(-1*I1441) -> 0.06777 | K1441: 0.27494 | L1441: -0.01723 | M1441: =(-1*L1441) -> 0.01723 | N1441: -9.886 | O1441: -8.4521 | P1441: -8.2867 | Q1441: -8.3085 | R1441: -2.6562 | S1441: =IF(R1441<=0,"No Irradiance",IF(R1441<=200,"Low/Transition Irradiance","Normal Solar Operation")) -> No Irradiance | T1441: =HOUR(A1441) -> 23 | U1441: 10
B1442: =ROUND((A1442-A1441)*1440,0) -> -64170719 | J1442: =(-1*I1442) -> 0 | M1442: =(-1*L1442) -> 0 | S1442: =IF(R1442<=0,"No Irradiance",IF(R1442<=200,"Low/Transition Irradiance","Normal Solar Operation")) -> No Irradiance | T1442: =HOUR(A1442) -> 0
B1443: =ROUND((A1443-A1442)*1440,0) -> 0 | J1443: =(-1*I1443) -> 0 | M1443: =(-1*L1443) -> 0 | S1443: =IF(R1443<=0,"No Irradiance",IF(R1443<=200,"Low/Transition Irradiance","Normal Solar Operation")) -> No Irradiance | T1443: =HOUR(A1443) -> 0
B1444: =ROUND((A1444-A1443)*1440,0) -> 0 | J1444: =(-1*I1444) -> 0 | M1444: =(-1*L1444) -> 0 | S1444: =IF(R1444<=0,"No Irradiance",IF(R1444<=200,"Low/Transition Irradiance","Normal Solar Operation")) -> No Irradiance | T1444: =HOUR(A1444) -> 0
B1445: =ROUND((A1445-A1444)*1440,0) -> 0 | J1445: =(-1*I1445) -> 0 | M1445: =(-1*L1445) -> 0 | S1445: =IF(R1445<=0,"No Irradiance",IF(R1445<=200,"Low/Transition Irradiance","Normal Solar Operation")) -> No Irradiance | T1445: =HOUR(A1445) -> 0
B1446: =ROUND((A1446-A1445)*1440,0) -> 0 | J1446: =(-1*I1446) -> 0 | M1446: =(-1*L1446) -> 0 | S1446: =IF(R1446<=0,"No Irradiance",IF(R1446<=200,"Low/Transition Irradiance","Normal Solar Operation")) -> No Irradiance | T1446: =HOUR(A1446) -> 0
B1447: =ROUND((A1447-A1446)*1440,0) -> 0 | J1447: =(-1*I1447) -> 0 | M1447: =(-1*L1447) -> 0 | S1447: =IF(R1447<=0,"No Irradiance",IF(R1447<=200,"Low/Transition Irradiance","Normal Solar Operation")) -> No Irradiance | T1447: =HOUR(A1447) -> 0
B1448: =ROUND((A1448-A1447)*1440,0) -> 0 | J1448: =(-1*I1448) -> 0 | M1448: =(-1*L1448) -> 0 | S1448: =IF(R1448<=0,"No Irradiance",IF(R1448<=200,"Low/Transition Irradiance","Normal Solar Operation")) -> No Irradiance | T1448: =HOUR(A1448) -> 0
B1449: =ROUND((A1449-A1448)*1440,0) -> 0 | J1449: =(-1*I1449) -> 0 | M1449: =(-1*L1449) -> 0 | S1449: =IF(R1449<=0,"No Irradiance",IF(R1449<=200,"Low/Transition Irradiance","Normal Solar Operation")) -> No Irradiance | T1449: =HOUR(A1449) -> 0
B1450: =ROUND((A1450-A1449)*1440,0) -> 0 | J1450: =(-1*I1450) -> 0 | M1450: =(-1*L1450) -> 0 | S1450: =IF(R1450<=0,"No Irradiance",IF(R1450<=200,"Low/Transition Irradiance","Normal Solar Operation")) -> No Irradiance | T1450: =HOUR(A1450) -> 0
B1451: =ROUND((A1451-A1450)*1440,0) -> 0 | J1451: =(-1*I1451) -> 0 | M1451: =(-1*L1451) -> 0 | S1451: =IF(R1451<=0,"No Irradiance",IF(R1451<=200,"Low/Transition Irradiance","Normal Solar Operation")) -> No Irradiance | T1451: =HOUR(A1451) -> 0
B1452: =ROUND((A1452-A1451)*1440,0) -> 0 | J1452: =(-1*I1452) -> 0 | M1452: =(-1*L1452) -> 0 | S1452: =IF(R1452<=0,"No Irradiance",IF(R1452<=200,"Low/Transition Irradiance","Normal Solar Operation")) -> No Irradiance | T1452: =HOUR(A1452) -> 0
B1453: =ROUND((A1453-A1452)*1440,0) -> 0 | J1453: =(-1*I1453) -> 0 | M1453: =(-1*L1453) -> 0 | S1453: =IF(R1453<=0,"No Irradiance",IF(R1453<=200,"Low/Transition Irradiance","Normal Solar Operation")) -> No Irradiance | T1453: =HOUR(A1453) -> 0
... B16384: =ROUND((A16384-A16383)*1440,0) -> 0 | J16384: =(-1*I16384) -> 0 | M16384: =(-1*L16384) -> 0 | S16384: =IF(R16384<=0,"No Irradiance",IF(R16384<=200,"Low/Transition Irradiance","Normal Solar Operation")) -> No Irradiance | T16384: =HOUR(A16384) -> 0

Sheet PV_raw_2
A1: measured_on | B1: ac_current__427 | C1: ac_power__423 | D1: ac_voltage__426 | E1: ambient_temp__428 | F1: das_battery_voltage__434 | G1: das_temp__433 | H1: dc_pos_current__425 | I1: dc_pos_voltage__424 | J1: dc_power__422 | K1: inverter_temp__432 | L1: module_temp_1__429 | M1: module_temp_2__430 | N1: module_temp_3__431 | O1: poa_irradiance__421 | P1: system_id
A2: 44563 | B2: 1.6636 | C2: -1.6428 | D2: 120.12 | E2: -7.003 | F2: 13.871 | G2: -7.1691 | H2: -0.06538 | I2: 0.14634 | J2: -0.00726 | K2: -9.8716 | L2: -8.4131 | M2: -8.2782 | N2: -8.3203 | O2: -2.6562 | P2: 10
A3: 44563.001 | B3: 1.6641 | C3: -1.6983 | D3: 120.15 | E3: -7.0011 | F3: 13.865 | G3: -7.1496 | H3: -0.06868 | I3: 0.33258 | J3: -0.02266 | K3: -9.8622 | L3: -8.4473 | M3: -8.2631 | N3: -8.3087 | O3: -2.6562 | P3: 10
A4: 44563.001 | B4: 1.6641 | C4: -1.4319 | D4: 120.27 | E4: -7.0306 | F4: 13.867 | G4: -7.1478 | H4: -0.06923 | I4: -0.36363 | J4: 0.0339 | K4: -9.8583 | L4: -8.4738 | M4: -8.254 | N4: -8.336 | O4: -2.6562 | P4: 10
A5: 44563.002 | B5: 1.663 | C5: -1.8093 | D5: 120.22 | E5: -6.9526 | F5: 13.867 | G5: -7.1302 | H5: -0.0707 | I5: 0.20398 | J5: -0.01814 | K5: -9.8361 | L5: -8.3632 | M5: -8.2073 | N5: -8.2899 | O5: -2.6562 | P5: 10
A6: 44563.003 | B6: 1.6633 | C6: -1.6539 | D6: 120.29 | E6: -6.7148 | F6: 13.868 | G6: -7.1125 | H6: -0.06648 | I6: 0.11086 | J6: -0.00938 | K6: -9.824 | L6: -8.2439 | M6: -8.0909 | N6: -8.1446 | O6: -2.6561 | P6: 10
A7: 44563.003 | B7: 1.663 | C7: -1.6206 | D7: 120.27 | E7: -6.7327 | F7: 13.868 | G7: -7.1054 | H7: -0.06429 | I7: -0.07982 | J7: 0.01092 | K7: -9.8089 | L7: -8.3311 | M7: -8.1462 | N7: -8.1911 | O7: -2.6561 | P7: 10
A8: 44563.004 | B8: 1.6628 | C8: -2.0535 | D8: 120.27 | E8: -6.8367 | F8: 13.865 | G8: -7.0736 | H8: -0.06136 | I8: -0.00443 | J8: 0.00448 | K8: -9.7994 | L8: -8.3876 | M8: -8.086 | N8: -8.0744 | O8: -2.6561 | P8: 10
A9: 44563.005 | B9: 1.6633 | C9: -1.3986 | D9: 120.32 | E9: -6.8699 | F9: 13.864 | G9: -7.0647 | H9: -0.06978 | I9: 1.1973 | J9: -0.08476 | K9: -9.7716 | L9: -8.2257 | M9: -8.1141 | N9: -8.1634 | O9: -2.656 | P9: 10
A10: 44563.006 | B10: 1.6633 | C10: -1.2099 | D10: 120.24 | E10: -6.8355 | F10: 13.863 | G10: -7.07 | H10: -0.06282 | I10: 1.1751 | J10: -0.07293 | K10: -9.7827 | L10: -8.2579 | M10: -8.1491 | N10: -8.1883 | O10: -2.656 | P10: 10
A11: 44563.006 | B11: 1.663 | C11: -1.6317 | D11: 120.26 | E11: -6.7822 | F11: 13.861 | G11: -7.0576 | H11: -0.06831 | I11: 0.58091 | J11: -0.04291 | K11: -9.7739 | L11: -8.2708 | M11: -8.1258 | N11: -8.1672 | O11: -2.656 | P11: 10
A12: 44563.007 | B12: 1.663 | C12: -1.1544 | D12: 120.24 | E12: -6.8041 | F12: 13.863 | G12: -7.0417 | H12: -0.0685 | I12: 0.46562 | J12: -0.03129 | K12: -9.7636 | L12: -8.3223 | M12: -8.1091 | N12: -8.157 | O12: -2.656 | P12: 10
A13: 44563.008 | B13: 1.663 | C13: -1.4208 | D13: 120.38 | E13: -6.7951 | F13: 13.862 | G13: -7.0294 | H13: -0.07179 | I13: -0.12416 | J13: 0.00296 | K13: -9.7301 | L13: -8.2548 | M13: -8.1033 | N13: -8.2192 | O13: -2.656 | P13: 10
... A1441: 44563.999 | B1441: 1.6844 | C1441: -1.3421 | D1441: 119.71 | E1441: 0.12037 | F1441: 13.671 | G1441: 0.10648 | H1441: -0.04795 | I1441: -1.1388 | J1441: 0.05408 | K1441: -2.3618 | L1441: -4.4351 | M1441: -4.3791 | N1441: -4.3195 | O1441: -2.6543 | P1441: 10

Sheet cleaned_data2
A1: measured_on | B1: ac_current__427 | C1: ac_power__423 | D1: ac_voltage__426 | E1: ambient_temp__428 | F1: das_battery_voltage__434 | G1: das_temp__433 | H1: dc_pos_current__425 | I1: dc_pos_voltage__424 | J1: dc_power__422 | K1: inverter_temp__432 | L1: module_temp_1__429 | M1: module_temp_2__430 | N1: module_temp_3__431 | O1: poa_irradiance__421 | P1: Operating_state | Q1: Hour | R1: system_id | T1: Hour | U1: No Irradiance | V1: Low/Transition Irradiance | W1: Normal Solar Operation
A2: 44563 | B2: 1.6636 | C2: -1.6428 | D2: 120.12 | E2: -7.003 | F2: 13.871 | G2: -7.1691 | H2: -0.06538 | I2: 0.14634 | J2: -0.00726 | K2: -9.8716 | L2: -8.4131 | M2: -8.2782 | N2: -8.3203 | O2: -2.6562 | P2: =IF(O3<=0,"No Irradiance",IF(O3<=200,"Low/Transition Irradiance","Normal Solar Operation")) -> No Irradiance | Q2: =HOUR(A2) -> 0 | R2: 10 | T2: 0 | U2: =COUNTIFS($Q$2:$Q$1441,$T2,$P$2:$P$1441,U$1) -> 60 | V2: =COUNTIFS($Q$2:$Q$1441,$T2,$P$2:$P$1441,V$1) -> 0 | W2: =COUNTIFS($Q$2:$Q$1441,$T2,$P$2:$P$1441,W$1) -> 0
A3: 44563.001 | B3: 1.6641 | C3: -1.6983 | D3: 120.15 | E3: -7.0011 | F3: 13.865 | G3: -7.1496 | H3: -0.06868 | I3: 0.33258 | J3: -0.02266 | K3: -9.8622 | L3: -8.4473 | M3: -8.2631 | N3: -8.3087 | O3: -2.6562 | P3: =IF(O4<=0,"No Irradiance",IF(O4<=200,"Low/Transition Irradiance","Normal Solar Operation")) -> No Irradiance | Q3: =HOUR(A3) -> 0 | R3: 10 | T3: 1 | U3: =COUNTIFS($Q$2:$Q$1441,$T3,$P$2:$P$1441,U$1) -> 60 | V3: =COUNTIFS($Q$2:$Q$1441,$T3,$P$2:$P$1441,V$1) -> 0 | W3: =COUNTIFS($Q$2:$Q$1441,$T3,$P$2:$P$1441,W$1) -> 0
A4: 44563.001 | B4: 1.6641 | C4: -1.4319 | D4: 120.27 | E4: -7.0306 | F4: 13.867 | G4: -7.1478 | H4: -0.06923 | I4: -0.36363 | J4: 0.0339 | K4: -9.8583 | L4: -8.4738 | M4: -8.254 | N4: -8.336 | O4: -2.6562 | P4: =IF(O5<=0,"No Irradiance",IF(O5<=200,"Low/Transition Irradiance","Normal Solar Operation")) -> No Irradiance | Q4: =HOUR(A4) -> 0 | R4: 10 | T4: 2 | U4: =COUNTIFS($Q$2:$Q$1441,$T4,$P$2:$P$1441,U$1) -> 60 | V4: =COUNTIFS($Q$2:$Q$1441,$T4,$P$2:$P$1441,V$1) -> 0 | W4: =COUNTIFS($Q$2:$Q$1441,$T4,$P$2:$P$1441,W$1) -> 0
A5: 44563.002 | B5: 1.663 | C5: -1.8093 | D5: 120.22 | E5: -6.9526 | F5: 13.867 | G5: -7.1302 | H5: -0.0707 | I5: 0.20398 | J5: -0.01814 | K5: -9.8361 | L5: -8.3632 | M5: -8.2073 | N5: -8.2899 | O5: -2.6562 | P5: =IF(O6<=0,"No Irradiance",IF(O6<=200,"Low/Transition Irradiance","Normal Solar Operation")) -> No Irradiance | Q5: =HOUR(A5) -> 0 | R5: 10 | T5: 3 | U5: =COUNTIFS($Q$2:$Q$1441,$T5,$P$2:$P$1441,U$1) -> 60 | V5: =COUNTIFS($Q$2:$Q$1441,$T5,$P$2:$P$1441,V$1) -> 0 | W5: =COUNTIFS($Q$2:$Q$1441,$T5,$P$2:$P$1441,W$1) -> 0
A6: 44563.003 | B6: 1.6633 | C6: -1.6539 | D6: 120.29 | E6: -6.7148 | F6: 13.868 | G6: -7.1125 | H6: -0.06648 | I6: 0.11086 | J6: -0.00938 | K6: -9.824 | L6: -8.2439 | M6: -8.0909 | N6: -8.1446 | O6: -2.6561 | P6: =IF(O7<=0,"No Irradiance",IF(O7<=200,"Low/Transition Irradiance","Normal Solar Operation")) -> No Irradiance | Q6: =HOUR(A6) -> 0 | R6: 10 | T6: 4 | U6: =COUNTIFS($Q$2:$Q$1441,$T6,$P$2:$P$1441,U$1) -> 60 | V6: =COUNTIFS($Q$2:$Q$1441,$T6,$P$2:$P$1441,V$1) -> 0 | W6: =COUNTIFS($Q$2:$Q$1441,$T6,$P$2:$P$1441,W$1) -> 0
A7: 44563.003 | B7: 1.663 | C7: -1.6206 | D7: 120.27 | E7: -6.7327 | F7: 13.868 | G7: -7.1054 | H7: -0.06429 | I7: -0.07982 | J7: 0.01092 | K7: -9.8089 | L7: -8.3311 | M7: -8.1462 | N7: -8.1911 | O7: -2.6561 | P7: =IF(O8<=0,"No Irradiance",IF(O8<=200,"Low/Transition Irradiance","Normal Solar Operation")) -> No Irradiance | Q7: =HOUR(A7) -> 0 | R7: 10 | T7: 5 | U7: =COUNTIFS($Q$2:$Q$1441,$T7,$P$2:$P$1441,U$1) -> 60 | V7: =COUNTIFS($Q$2:$Q$1441,$T7,$P$2:$P$1441,V$1) -> 0 | W7: =COUNTIFS($Q$2:$Q$1441,$T7,$P$2:$P$1441,W$1) -> 0
A8: 44563.004 | B8: 1.6628 | C8: -2.0535 | D8: 120.27 | E8: -6.8367 | F8: 13.865 | G8: -7.0736 | H8: -0.06136 | I8: -0.00443 | J8: 0.00448 | K8: -9.7994 | L8: -8.3876 | M8: -8.086 | N8: -8.0744 | O8: -2.6561 | P8: =IF(O9<=0,"No Irradiance",IF(O9<=200,"Low/Transition Irradiance","Normal Solar Operation")) -> No Irradiance | Q8: =HOUR(A8) -> 0 | R8: 10 | T8: 6 | U8: =COUNTIFS($Q$2:$Q$1441,$T8,$P$2:$P$1441,U$1) -> 60 | V8: =COUNTIFS($Q$2:$Q$1441,$T8,$P$2:$P$1441,V$1) -> 0 | W8: =COUNTIFS($Q$2:$Q$1441,$T8,$P$2:$P$1441,W$1) -> 0
A9: 44563.005 | B9: 1.6633 | C9: -1.3986 | D9: 120.32 | E9: -6.8699 | F9: 13.864 | G9: -7.0647 | H9: -0.06978 | I9: 1.1973 | J9: -0.08476 | K9: -9.7716 | L9: -8.2257 | M9: -8.1141 | N9: -8.1634 | O9: -2.656 | P9: =IF(O10<=0,"No Irradiance",IF(O10<=200,"Low/Transition Irradiance","Normal Solar Operation")) -> No Irradiance | Q9: =HOUR(A9) -> 0 | R9: 10 | T9: 7 | U9: =COUNTIFS($Q$2:$Q$1441,$T9,$P$2:$P$1441,U$1) -> 8 | V9: =COUNTIFS($Q$2:$Q$1441,$T9,$P$2:$P$1441,V$1) -> 37 | W9: =COUNTIFS($Q$2:$Q$1441,$T9,$P$2:$P$1441,W$1) -> 15
A10: 44563.006 | B10: 1.6633 | C10: -1.2099 | D10: 120.24 | E10: -6.8355 | F10: 13.863 | G10: -7.07 | H10: -0.06282 | I10: 1.1751 | J10: -0.07293 | K10: -9.7827 | L10: -8.2579 | M10: -8.1491 | N10: -8.1883 | O10: -2.656 | P10: =IF(O11<=0,"No Irradiance",IF(O11<=200,"Low/Transition Irradiance","Normal Solar Operation")) -> No Irradiance | Q10: =HOUR(A10) -> 0 | R10: 10 | T10: 8 | U10: =COUNTIFS($Q$2:$Q$1441,$T10,$P$2:$P$1441,U$1) -> 0 | V10: =COUNTIFS($Q$2:$Q$1441,$T10,$P$2:$P$1441,V$1) -> 0 | W10: =COUNTIFS($Q$2:$Q$1441,$T10,$P$2:$P$1441,W$1) -> 60
A11: 44563.006 | B11: 1.663 | C11: -1.6317 | D11: 120.26 | E11: -6.7822 | F11: 13.861 | G11: -7.0576 | H11: -0.06831 | I11: 0.58091 | J11: -0.04291 | K11: -9.7739 | L11: -8.2708 | M11: -8.1258 | N11: -8.1672 | O11: -2.656 | P11: =IF(O12<=0,"No Irradiance",IF(O12<=200,"Low/Transition Irradiance","Normal Solar Operation")) -> No Irradiance | Q11: =HOUR(A11) -> 0 | R11: 10 | T11: 9 | U11: =COUNTIFS($Q$2:$Q$1441,$T11,$P$2:$P$1441,U$1) -> 0 | V11: =COUNTIFS($Q$2:$Q$1441,$T11,$P$2:$P$1441,V$1) -> 0 | W11: =COUNTIFS($Q$2:$Q$1441,$T11,$P$2:$P$1441,W$1) -> 60
A12: 44563.007 | B12: 1.663 | C12: -1.1544 | D12: 120.24 | E12: -6.8041 | F12: 13.863 | G12: -7.0417 | H12: -0.0685 | I12: 0.46562 | J12: -0.03129 | K12: -9.7636 | L12: -8.3223 | M12: -8.1091 | N12: -8.157 | O12: -2.656 | P12: =IF(O13<=0,"No Irradiance",IF(O13<=200,"Low/Transition Irradiance","Normal Solar Operation")) -> No Irradiance | Q12: =HOUR(A12) -> 0 | R12: 10 | T12: 10 | U12: =COUNTIFS($Q$2:$Q$1441,$T12,$P$2:$P$1441,U$1) -> 0 | V12: =COUNTIFS($Q$2:$Q$1441,$T12,$P$2:$P$1441,V$1) -> 0 | W12: =COUNTIFS($Q$2:$Q$1441,$T12,$P$2:$P$1441,W$1) -> 60
A13: 44563.008 | B13: 1.663 | C13: -1.4208 | D13: 120.38 | E13: -6.7951 | F13: 13.862 | G13: -7.0294 | H13: -0.07179 | I13: -0.12416 | J13: 0.00296 | K13: -9.7301 | L13: -8.2548 | M13: -8.1033 | N13: -8.2192 | O13: -2.656 | P13: =IF(O14<=0,"No Irradiance",IF(O14<=200,"Low/Transition Irradiance","Normal Solar Operation")) -> No Irradiance | Q13: =HOUR(A13) -> 0 | R13: 10 | T13: 11 | U13: =COUNTIFS($Q$2:$Q$1441,$T13,$P$2:$P$1441,U$1) -> 0 | V13: =COUNTIFS($Q$2:$Q$1441,$T13,$P$2:$P$1441,V$1) -> 0 | W13: =COUNTIFS($Q$2:$Q$1441,$T13,$P$2:$P$1441,W$1) -> 60
... A25: 44563.016 | B25: 1.6622 | C25: -1.9092 | D25: 120.42 | E25: -6.3757 | F25: 13.854 | G25: -6.8811 | H25: -0.07143 | I25: 0.00443 | J25: 0.00284 | K25: -9.6084 | L25: -8.2438 | M25: -7.8901 | N25: -7.9118 | O25: -2.6559 | P25: =IF(O26<=0,"No Irradiance",IF(O26<=200,"Low/Transition Irradiance","Normal Solar Operation")) -> No Irradiance | Q25: =HOUR(A25) -> 0 | R25: 10 | T25: 23 | U25: =COUNTIFS($Q$2:$Q$1441,$T25,$P$2:$P$1441,U$1) -> 60 | V25: =COUNTIFS($Q$2:$Q$1441,$T25,$P$2:$P$1441,V$1) -> 0 | W25: =COUNTIFS($Q$2:$Q$1441,$T25,$P$2:$P$1441,W$1) -> 0
A26: 44563.017 | B26: 1.6628 | C26: -1.9536 | D26: 120.35 | E26: -6.3322 | F26: 13.854 | G26: -6.8669 | H26: -0.0674 | I26: 0.29267 | J26: -0.01416 | K26: -9.5906 | L26: -8.2267 | M26: -7.8651 | N26: -7.939 | O26: -2.6559 | P26: =IF(O27<=0,"No Irradiance",IF(O27<=200,"Low/Transition Irradiance","Normal Solar Operation")) -> No Irradiance | Q26: =HOUR(A26) -> 0 | R26: 10
A27: 44563.017 | B27: 1.6614 | C27: -1.7538 | D27: 120.28 | E27: -6.4477 | F27: 13.855 | G27: -6.8511 | H27: -0.06941 | I27: -0.32372 | J27: 0.02175 | K27: -9.576 | L27: -8.2463 | M27: -7.9122 | N27: -7.9962 | O27: -2.6559 | P27: =IF(O28<=0,"No Irradiance",IF(O28<=200,"Low/Transition Irradiance","Normal Solar Operation")) -> No Irradiance | Q27: =HOUR(A27) -> 0 | R27: 10
A28: 44563.018 | B28: 1.663 | C28: -1.6317 | D28: 120.31 | E28: -6.6001 | F28: 13.854 | G28: -6.8264 | H28: -0.06593 | I28: -0.73612 | J28: 0.04933 | K28: -9.5534 | L28: -8.2418 | M28: -7.9389 | N28: -8.0468 | O28: -2.6559 | P28: =IF(O29<=0,"No Irradiance",IF(O29<=200,"Low/Transition Irradiance","Normal Solar Operation")) -> No Irradiance | Q28: =HOUR(A28) -> 0 | R28: 10
A29: 44563.019 | B29: 1.663 | C29: -1.5096 | D29: 120.46 | E29: -6.6405 | F29: 13.854 | G29: -6.8123 | H29: -0.07125 | I29: -0.17738 | J29: 0.01038 | K29: -9.5391 | L29: -8.1624 | M29: -7.9262 | N29: -8.0233 | O29: -2.6559 | P29: =IF(O30<=0,"No Irradiance",IF(O30<=200,"Low/Transition Irradiance","Normal Solar Operation")) -> No Irradiance | Q29: =HOUR(A29) -> 0 | R29: 10
A30: 44563.019 | B30: 1.6628 | C30: -1.3875 | D30: 120.44 | E30: -6.44 | F30: 13.856 | G30: -6.8052 | H30: -0.07326 | I30: -0.32815 | J30: 0.02903 | K30: -9.5349 | L30: -8.1691 | M30: -7.8597 | N30: -7.9517 | O30: -2.6559 | P30: =IF(O31<=0,"No Irradiance",IF(O31<=200,"Low/Transition Irradiance","Normal Solar Operation")) -> No Irradiance | Q30: =HOUR(A30) -> 0 | R30: 10
A31: 44563.02 | B31: 1.6628 | C31: -1.5096 | D31: 120.34 | E31: -6.418 | F31: 13.855 | G31: -6.8017 | H31: -0.06429 | I31: 0.40354 | J31: -0.03 | K31: -9.5517 | L31: -8.2026 | M31: -7.9264 | N31: -7.9844 | O31: -2.6559 | P31: =IF(O32<=0,"No Irradiance",IF(O32<=200,"Low/Transition Irradiance","Normal Solar Operation")) -> No Irradiance | Q31: =HOUR(A31) -> 0 | R31: 10
A32: 44563.021 | B32: 1.6633 | C32: -1.554 | D32: 120.22 | E32: -6.4557 | F32: 13.854 | G32: -6.7823 | H32: -0.06447 | I32: 0.23946 | J32: -0.00996 | K32: -9.5322 | L32: -8.1853 | M32: -7.9005 | N32: -7.9816 | O32: -2.6558 | P32: =IF(O33<=0,"No Irradiance",IF(O33<=200,"Low/Transition Irradiance","Normal Solar Operation")) -> No Irradiance | Q32: =HOUR(A32) -> 0 | R32: 10
A33: 44563.022 | B33: 1.6633 | C33: -1.5984 | D33: 120.23 | E33: -6.5071 | F33: 13.853 | G33: -6.7629 | H33: -0.0674 | I33: -0.04878 | J33: 0.00356 | K33: -9.5069 | L33: -8.1513 | M33: -7.9093 | N33: -8.0143 | O33: -2.6558 | P33: =IF(O34<=0,"No Irradiance",IF(O34<=200,"Low/Transition Irradiance","Normal Solar Operation")) -> No Irradiance | Q33: =HOUR(A33) -> 0 | R33: 10
A34: 44563.022 | B34: 1.663 | C34: -1.6983 | D34: 120.14 | E34: -6.4648 | F34: 13.854 | G34: -6.7541 | H34: -0.06831 | I34: -0.11086 | J34: 0.00593 | K34: -9.5082 | L34: -8.1766 | M34: -7.8563 | N34: -7.9106 | O34: -2.6558 | P34: =IF(O35<=0,"No Irradiance",IF(O35<=200,"Low/Transition Irradiance","Normal Solar Operation")) -> No Irradiance | Q34: =HOUR(A34) -> 0 | R34: 10
A35: 44563.023 | B35: 1.6633 | C35: -1.5651 | D35: 120.13 | E35: -6.2853 | F35: 13.852 | G35: -6.7418 | H35: -0.06245 | I35: 0.15521 | J35: -0.00323 | K35: -9.4885 | L35: -8.1207 | M35: -7.7939 | N35: -7.8787 | O35: -2.6558 | P35: =IF(O36<=0,"No Irradiance",IF(O36<=200,"Low/Transition Irradiance","Normal Solar Operation")) -> No Irradiance | Q35: =HOUR(A35) -> 0 | R35: 10
A36: 44563.024 | B36: 1.663 | C36: -1.7205 | D36: 120.13 | E36: -6.1781 | F36: 13.853 | G36: -6.733 | H36: -0.06007 | I36: -0.27494 | J36: 0.01778 | K36: -9.4658 | L36: -8.0568 | M36: -7.8054 | N36: -7.9061 | O36: -2.6558 | P36: =IF(O37<=0,"No Irradiance",IF(O37<=200,"Low/Transition Irradiance","Normal Solar Operation")) -> No Irradiance | Q36: =HOUR(A36) -> 0 | R36: 10
A37: 44563.024 | B37: 1.6619 | C37: -1.7094 | D37: 120.28 | E37: -6.1886 | F37: 13.852 | G37: -6.7224 | H37: -0.06374 | I37: -0.11973 | J37: 0.00811 | K37: -9.461 | L37: -8.0918 | M37: -7.7897 | N37: -7.8687 | O37: -2.6558 | P37: =IF(O38<=0,"No Irradiance",IF(O38<=200,"Low/Transition Irradiance","Normal Solar Operation")) -> No Irradiance | Q37: =HOUR(A37) -> 0 | R37: 10
... A1441: 44563.999 | B1441: 1.6844 | C1441: -1.3421 | D1441: 119.71 | E1441: 0.12037 | F1441: 13.671 | G1441: 0.10648 | H1441: -0.04795 | I1441: -1.1388 | J1441: 0.05408 | K1441: -2.3618 | L1441: -4.4351 | M1441: -4.3791 | N1441: -4.3195 | O1441: -2.6543 | P1441: =IF(O1442<=0,"No Irradiance",IF(O1442<=200,"Low/Transition Irradiance","Normal Solar Operation")) -> No Irradiance | Q1441: =HOUR(A1441) -> 23 | R1441: 10

Sheet Anomaly_Analysis
A1: Analysis | B1: Day 1 - 01-01-2022 | C1: Day 2 - 02-01-2022 | D1: Interpretation
A2: Total Samples | B2: =COUNTA(cleaned_data!A2:A1441) -> 1440 | C2: =COUNTA(cleaned_data2!A2:A1441) -> 1440 | D2: Both days contain 1,440 one-minute samples, providing a consistent basis for comparison.
A3: No Irradiance Samples | B3: =COUNTIF(cleaned_data!S2:S1441,"No Irradiance") -> 850 | C3: =COUNTIF(cleaned_data2!P2:P1441,"No Irradiance") -> 856 | D3: Both days had similar periods with little or no solar irradiance.
A4: Low/Transition Irradiance Samples | B4: =COUNTIF(cleaned_data!S2:S1441,"Low/Transition Irradiance") -> 291 | C4: =COUNTIF(cleaned_data2!P2:P1441,"Low/Transition Irradiance") -> 74 | D4: Day 1 had substantially more transition-irradiance samples, while Day 2 transitioned more quickly into normal solar operation
A5: Normal Solar Operation Samples | B5: =COUNTIF(cleaned_data!S2:S1441,"Normal Solar Operation") -> 299 | C5: =COUNTIF(cleaned_data2!P2:P1441,"Normal Solar Operation") -> 510 | D5: Day 2 had considerably more normal-operation samples, indicating a longer period of useful solar generation.
A6: Maximum POA | B6: =MAX(cleaned_data!R2:R1441) -> 978.34 | C6: =MAX(cleaned_data2!O2:O1441) -> 1052.6 | D6: Both days had substantial solar resource; Day 2 reached a higher maximum POA irradiance.
A7: Maximum DC Power | B7: =MAX(cleaned_data!L2:L1441) -> 0.10173 | C7: =MAX(cleaned_data2!J2:J1441) -> 1001.8 | D7: Day 2 reached approximately 1 kW of DC generation, while Day 1 remained near zero despite available irradiance.
A8: Maximum AC Power | B8: =MAX(cleaned_data!D2:D1441) -> 0.25529 | C8: =MAX(cleaned_data2!C2:C1441) -> 828.35 | D8: Day 2 reached substantial AC generation, whereas Day 1 remained near zero.
A9: Maximum DC Voltage | B9: =MAX(cleaned_data!K2:K1441) -> 187.52 | C9: =MAX(cleaned_data2!I2:I1441) -> 256.18 | D9: DC voltage was present on both days, including Day 1, despite the lack of meaningful DC power generation.
A10: Maximum DC Current | B10: =MAX(cleaned_data!I2:I1441) -> 0.00055 | C10: =MAX(cleaned_data2!H2:H1441) -> 5.0389 | D10: Day 2 reached approximately 5 A, while Day 1 remained essentially at zero, indicating a major difference in DC-side current response.
A11: Avg DC Power - Normal Operation | B11: =AVERAGEIF(cleaned_data!S2:S1441,"Normal Solar Operation",cleaned_data!L2:L1441) -> -4.6674539 | C11: =AVERAGEIF(cleaned_data2!P2:P1441,"Normal Solar Operation",cleaned_data2!J2:J1441) -> 680.42178 | D11: Day 1 showed negative average DC power during normal solar operation, while Day 2 showed substantial positive generation.
A12: Avg AC Power - Normal Operation | B12: =AVERAGEIF(cleaned_data!S2:S1441,"Normal Solar Operation",cleaned_data!D2:D1441) -> -1.8448492 | C12: =AVERAGEIF(cleaned_data2!P2:P1441,"Normal Solar Operation",cleaned_data2!C2:C1441) -> 563.46815 | D12: Day 1 showed negative average AC power during normal solar operation, whereas Day 2 produced substantial positive AC power.
A13: Peak DC Power - Normal Operation | B13: =_xlfn.MAXIFS(cleaned_data!L2:L1441,cleaned_data!S2:S1441,"Normal Solar Operation") -> 0.08434 | C13: =_xlfn.MAXIFS(cleaned_data2!J2:J1441,cleaned_data2!P2:P1441,"Normal Solar Operation") -> 1001.8 | D13: Day 1 remained near zero during high irradiance, while Day 2 reached approximately 1 kW.
A14: Peak AC Power - Normal Operation | B14: =_xlfn.MAXIFS(cleaned_data!D2:D1441,cleaned_data!S2:S1441,"Normal Solar Operation") -> -1.2876 | C14: =_xlfn.MAXIFS(cleaned_data2!C2:C1441,cleaned_data2!P2:P1441,"Normal Solar Operation") -> 828.35 | D14: Day 1 remained near zero/negative, while Day 2 reached approximately 828 W of AC generation.
A15: High-Irradiance Samples | B15: =COUNTIF(cleaned_data!S2:S1441,"Normal Solar Operation") -> 299 | C15: =COUNTIF(cleaned_data2!P2:P1441,"Normal Solar Operation") -> 510 | D15: Day 1 and Day 2 both experienced substantial periods with POA > 500 W/m², enabling a direct comparison of generation response.
A16: High-Irradiance Samples + Near-Zero DC Current | B16: {=SUMPRODUCT((cleaned_data!R2:R1441>500)*(ABS(cleaned_data!I2:I1441)<0.1))} -> 100 | C16: {=SUMPRODUCT((cleaned_data2!O2:O1441>500)*(ABS(cleaned_data2!H2:H1441)<0.1))} -> 0 | D16: 100 Day-1 samples showed near-zero DC current despite high irradiance; no such samples occurred on Day 2.
A17: High-Irradiance Samples + Non-Positive DC Current | B17: =COUNTIFS(cleaned_data!R2:R1441,">500",cleaned_data!I2:I1441,"<=0") -> 99 | C17: =COUNTIFS(cleaned_data2!O2:O1441,">500",cleaned_data2!H2:H1441,"<=0") -> 0 | D17: 99 Day-1 samples had non-positive DC current during high irradiance, compared with none on Day 2.
A18: High-Irradiance Samples + Non-Positive DC Power | B18: =COUNTIFS(cleaned_data!R2:R1441,">500",cleaned_data!L2:L1441,"<=0") -> 99 | C18: =COUNTIFS(cleaned_data2!O2:O1441,">500",cleaned_data2!J2:J1441,"<=0") -> 0 | D18: 99 Day-1 samples had non-positive DC power during high irradiance, compared with none on Day 2.
A19: Near-Zero DC Current / High-Irradiance (%) | B19: =B16/B15*100 -> 33.444816 | C19: =C16/C15*100 -> 0 | D19: Approximately one-third of Day 1's high-irradiance samples had near-zero DC current, while Day 2 showed 0%.
A20: Non-Positive DC Current / High-Irradiance (%) | B20: =B17/B15*100 -> 33.110368 | C20: =C17/C15*100 -> 0 | D20: Approximately one-third of Day 1's high-irradiance samples had non-positive DC current, while Day 2 showed 0%.
A21: Non-Positive DC Power / High-Irradiance (%) | B21: =B18/B15*100 -> 33.110368 | C21: =C18/C15*100 -> 0 | D21: Approximately one-third of Day 1's high-irradiance samples had non-positive DC power, while Day 2 showed 0%.

Sheet Daily_KPI2
A1: KPI | B1: No Irradiance | C1: Low/Transition Irradiance | D1: Normal Solar Operation
A2: No of Samples | B2: =COUNTIF(cleaned_data2!$P$2:$P$1441,B$1) -> 856 | C2: =COUNTIF(cleaned_data2!$P$2:$P$1441,C$1) -> 74 | D2: =COUNTIF(cleaned_data2!$P$2:$P$1441,D$1) -> 510
A3: Total AC Energy | B3: =SUMIFS(cleaned_data2!$C$2:$C$1441,cleaned_data2!$P$2:$P$1441,B$1)/60 -> -21.447225 | C3: =SUMIFS(cleaned_data2!$C$2:$C$1441,cleaned_data2!$P$2:$P$1441,C$1)/60 -> 0.63721 | D3: =SUMIFS(cleaned_data2!$C$2:$C$1441,cleaned_data2!$P$2:$P$1441,D$1)/60 -> 4789.4793
A4: Total DC Energy | B4: =SUMIFS(cleaned_data2!$J$2:$J$1441,cleaned_data2!$P$2:$P$1441,B$1)/60 -> -0.2253815 | C4: =SUMIFS(cleaned_data2!$J$2:$J$1441,cleaned_data2!$P$2:$P$1441,C$1)/60 -> 1.9487798 | D4: =SUMIFS(cleaned_data2!$J$2:$J$1441,cleaned_data2!$P$2:$P$1441,D$1)/60 -> 5783.5851
A5: Peak DC power | B5: =_xlfn.MAXIFS(cleaned_data2!$J$2:$J$1441,cleaned_data2!$P$2:$P$1441,B$1) -> 0.08607 | C5: =_xlfn.MAXIFS(cleaned_data2!$J$2:$J$1441,cleaned_data2!$P$2:$P$1441,C$1) -> 152.45 | D5: =_xlfn.MAXIFS(cleaned_data2!$J$2:$J$1441,cleaned_data2!$P$2:$P$1441,D$1) -> 1001.8
A6: Peak AC Power | B6: =_xlfn.MAXIFS(cleaned_data2!$C$2:$C$1441,cleaned_data2!$P$2:$P$1441,B$1) -> -1.1544 | C6: =_xlfn.MAXIFS(cleaned_data2!$C$2:$C$1441,cleaned_data2!$P$2:$P$1441,C$1) -> 123.74 | D6: =_xlfn.MAXIFS(cleaned_data2!$C$2:$C$1441,cleaned_data2!$P$2:$P$1441,D$1) -> 828.35
A7: Average POA | B7: =AVERAGEIFS(cleaned_data2!$O$2:$O$1441,cleaned_data2!$P$2:$P$1441,B$1) -> -2.7618359 | C7: =AVERAGEIFS(cleaned_data2!$O$2:$O$1441,cleaned_data2!$P$2:$P$1441,C$1) -> 43.804246 | D7: =AVERAGEIFS(cleaned_data2!$O$2:$O$1441,cleaned_data2!$P$2:$P$1441,D$1) -> 766.33563
A8: Average DC Power | B8: =AVERAGEIFS(cleaned_data2!$J$2:$J$1441,cleaned_data2!$P$2:$P$1441,B$1) -> -0.015797769 | C8: =AVERAGEIFS(cleaned_data2!$J$2:$J$1441,cleaned_data2!$P$2:$P$1441,C$1) -> 1.5800918 | D8: =AVERAGEIFS(cleaned_data2!$J$2:$J$1441,cleaned_data2!$P$2:$P$1441,D$1) -> 680.42178
A9: Average AC Power | B9: =AVERAGEIFS(cleaned_data2!$C$2:$C$1441,cleaned_data2!$P$2:$P$1441,B$1) -> -1.5033102 | C9: =AVERAGEIFS(cleaned_data2!$C$2:$C$1441,cleaned_data2!$P$2:$P$1441,C$1) -> 0.51665676 | D9: =AVERAGEIFS(cleaned_data2!$C$2:$C$1441,cleaned_data2!$P$2:$P$1441,D$1) -> 563.46815
A10: DC-AC Efficiency | B10: =IFERROR(B3/B4*100,"") -> 9515.9652 | C10: =IFERROR(C3/C4*100,"") -> 32.697896 | D10: =IFERROR(D3/D4*100,"") -> 82.811599

Sheet data_summary
A1: Parameter | B1: Minimum | C1: Maximum | D1: Mean
A2: ac_current__427 | B2: =MIN(INDEX(cleaned_data!$A:$V,0,MATCH(A2,cleaned_data!$1:$1,0))) -> 1.6278 | C2: =MAX(INDEX(cleaned_data!$A:$V,0,MATCH(A2,cleaned_data!$1:$1,0))) -> 1.7347 | D2: =AVERAGE(INDEX(cleaned_data!$A:$V,0,MATCH(A2,cleaned_data!$1:$1,0))) -> 1.6662782
A3: ac_power__423 | B3: =MIN(INDEX(cleaned_data!$A:$V,0,MATCH(A3,cleaned_data!$1:$1,0))) -> -5.5599 | C3: =MAX(INDEX(cleaned_data!$A:$V,0,MATCH(A3,cleaned_data!$1:$1,0))) -> 0.25529 | D3: =AVERAGE(INDEX(cleaned_data!$A:$V,0,MATCH(A3,cleaned_data!$1:$1,0))) -> -1.7042084
A4: ac_voltage__426 | B4: =MIN(INDEX(cleaned_data!$A:$V,0,MATCH(A4,cleaned_data!$1:$1,0))) -> 118.13 | C4: =MAX(INDEX(cleaned_data!$A:$V,0,MATCH(A4,cleaned_data!$1:$1,0))) -> 120.42 | D4: =AVERAGE(INDEX(cleaned_data!$A:$V,0,MATCH(A4,cleaned_data!$1:$1,0))) -> 119.26652
A5: ambient_temp__428 | B5: =MIN(INDEX(cleaned_data!$A:$V,0,MATCH(A5,cleaned_data!$1:$1,0))) -> -15.565 | C5: =MAX(INDEX(cleaned_data!$A:$V,0,MATCH(A5,cleaned_data!$1:$1,0))) -> -6.9285 | D5: =AVERAGE(INDEX(cleaned_data!$A:$V,0,MATCH(A5,cleaned_data!$1:$1,0))) -> -12.52604
A6: das_battery_voltage__434 | B6: =MIN(INDEX(cleaned_data!$A:$V,0,MATCH(A6,cleaned_data!$1:$1,0))) -> 13.699 | C6: =MAX(INDEX(cleaned_data!$A:$V,0,MATCH(A6,cleaned_data!$1:$1,0))) -> 14.018 | D6: =AVERAGE(INDEX(cleaned_data!$A:$V,0,MATCH(A6,cleaned_data!$1:$1,0))) -> 13.910024
A7: das_temp__433 | B7: =MIN(INDEX(cleaned_data!$A:$V,0,MATCH(A7,cleaned_data!$1:$1,0))) -> -11.827 | C7: =MAX(INDEX(cleaned_data!$A:$V,0,MATCH(A7,cleaned_data!$1:$1,0))) -> -1.6306 | D7: =AVERAGE(INDEX(cleaned_data!$A:$V,0,MATCH(A7,cleaned_data!$1:$1,0))) -> -8.2835253
A8: dc_pos_current__425 | B8: =MIN(INDEX(cleaned_data!$A:$V,0,MATCH(A8,cleaned_data!$1:$1,0))) -> -0.0969 | C8: =MAX(INDEX(cleaned_data!$A:$V,0,MATCH(A8,cleaned_data!$1:$1,0))) -> 0.00055 | D8: =AVERAGE(INDEX(cleaned_data!$A:$V,0,MATCH(A8,cleaned_data!$1:$1,0))) -> -0.069264667
A9: dc_pos_voltage__424 | B9: =MIN(INDEX(cleaned_data!$A:$V,0,MATCH(A9,cleaned_data!$1:$1,0))) -> -1.2417 | C9: =MAX(INDEX(cleaned_data!$A:$V,0,MATCH(A9,cleaned_data!$1:$1,0))) -> 187.52 | D9: =AVERAGE(INDEX(cleaned_data!$A:$V,0,MATCH(A9,cleaned_data!$1:$1,0))) -> 28.667836
A10: dc_power__422 | B10: =MIN(INDEX(cleaned_data!$A:$V,0,MATCH(A10,cleaned_data!$1:$1,0))) -> -8.9019 | C10: =MAX(INDEX(cleaned_data!$A:$V,0,MATCH(A10,cleaned_data!$1:$1,0))) -> 0.10173 | D10: =AVERAGE(INDEX(cleaned_data!$A:$V,0,MATCH(A10,cleaned_data!$1:$1,0))) -> -1.2367106
A11: inverter_temp__432 | B11: =MIN(INDEX(cleaned_data!$A:$V,0,MATCH(A11,cleaned_data!$1:$1,0))) -> -13.746 | C11: =MAX(INDEX(cleaned_data!$A:$V,0,MATCH(A11,cleaned_data!$1:$1,0))) -> -4.2617 | D11: =AVERAGE(INDEX(cleaned_data!$A:$V,0,MATCH(A11,cleaned_data!$1:$1,0))) -> -10.20571
A12: module_temp_1__429 | B12: =MIN(INDEX(cleaned_data!$A:$V,0,MATCH(A12,cleaned_data!$1:$1,0))) -> -14.194 | C12: =MAX(INDEX(cleaned_data!$A:$V,0,MATCH(A12,cleaned_data!$1:$1,0))) -> -2.2475 | D12: =AVERAGE(INDEX(cleaned_data!$A:$V,0,MATCH(A12,cleaned_data!$1:$1,0))) -> -10.16406
A13: module_temp_2__430 | B13: =MIN(INDEX(cleaned_data!$A:$V,0,MATCH(A13,cleaned_data!$1:$1,0))) -> -14.012 | C13: =MAX(INDEX(cleaned_data!$A:$V,0,MATCH(A13,cleaned_data!$1:$1,0))) -> -5.5562 | D13: =AVERAGE(INDEX(cleaned_data!$A:$V,0,MATCH(A13,cleaned_data!$1:$1,0))) -> -10.542547
... A16: system_id | B16: =MIN(INDEX(cleaned_data!$A:$V,0,MATCH(A16,cleaned_data!$1:$1,0))) -> 10 | C16: =MAX(INDEX(cleaned_data!$A:$V,0,MATCH(A16,cleaned_data!$1:$1,0))) -> 10 | D16: =AVERAGE(INDEX(cleaned_data!$A:$V,0,MATCH(A16,cleaned_data!$1:$1,0))) -> 10
